date,company,positive,neutral,negative,total,neg_pct
2025-12-08,3M Company,16,30,4,50,0.080000
2025-12-08,A O Smith,18,30,2,50,0.040000
2025-12-08,A-Mark Precious Metals,48,2,0,50,0.000000
2025-12-08,ABM Industries,14,17,19,50,0.380000
2025-12-08,ADT,22,23,5,50,0.100000
2025-12-08,AECOM,22,23,5,50,0.100000
2025-12-08,AES,19,27,4,50,0.080000
2025-12-08,AGCO,19,24,7,50,0.140000
2025-12-08,AGNC Investment,21,21,8,50,0.160000
2025-12-08,AIG,13,31,6,50,0.120000
2025-12-08,AMC Entertainment,37,7,6,50,0.120000
2025-12-08,AMC Networks,9,38,3,50,0.060000
2025-12-08,AMN Healthcare Services,9,34,7,50,0.140000
2025-12-08,APA,14,28,8,50,0.160000
2025-12-08,APi Group,23,22,5,50,0.100000
2025-12-08,ARKO,9,38,3,50,0.060000
2025-12-08,ASGN,11,35,4,50,0.080000
2025-12-08,AT&T,13,30,7,50,0.140000
2025-12-08,ATI Inc,17,27,6,50,0.120000
2025-12-08,AbbVie,18,21,11,50,0.220000
2025-12-08,Abbott Laboratories,16,26,8,50,0.160000
2025-12-08,Abercrombie & Fitch,17,30,3,50,0.060000
2025-12-08,Academy Sports and Outdoors,15,35,0,50,0.000000
2025-12-08,Acadia Healthcare,6,21,23,50,0.460000
2025-12-08,Ace Hardware,6,31,13,50,0.260000
2025-12-08,Acuity Inc,23,26,1,50,0.020000
2025-12-08,Adams Resources & Energy,17,1,2,20,0.100000
2025-12-08,AdaptHealth,21,23,6,50,0.120000
2025-12-08,Adobe,23,17,10,50,0.200000
2025-12-08,Advance Auto Parts,14,31,5,50,0.100000
2025-12-08,Advanced Drainage Systems,46,2,2,50,0.040000
2025-12-08,Advanced Micro Devices,36,9,5,50,0.100000
2025-12-08,Advantage Solutions,37,7,6,50,0.120000
2025-12-08,Aflac,20,21,9,50,0.180000
2025-12-08,Agilent Technologies,16,28,6,50,0.120000
2025-12-08,Agilon Health,13,29,8,50,0.160000
2025-12-08,Air Lease,14,31,5,50,0.100000
2025-12-08,Air Products & Chemicals,16,27,7,50,0.140000
2025-12-08,Airbnb,17,21,12,50,0.240000
2025-12-08,Akamai Technologies,26,22,2,50,0.040000
2025-12-08,Alaska Air,14,27,9,50,0.180000
2025-12-08,Albemarle Corporation,18,30,2,50,0.040000
2025-12-08,Albertsons,16,31,3,50,0.060000
2025-12-08,Alcoa Corporation,16,32,2,50,0.040000
2025-12-08,Alexandria Real Estate Equities,12,20,18,50,0.360000
2025-12-08,Alight Solutions,18,24,8,50,0.160000
2025-12-08,Align Technology,14,27,9,50,0.180000
2025-12-08,Allegiant Travel Company,11,36,3,50,0.060000
2025-12-08,Alliance Resource Partners,22,19,9,50,0.180000
2025-12-08,Alliant Energy,41,8,1,50,0.020000
2025-12-08,Allison Transmission,15,26,9,50,0.180000
2025-12-08,Allstate,20,21,9,50,0.180000
2025-12-08,Ally Financial,16,30,4,50,0.080000
2025-12-08,Alpha Metallurgical Resources,16,25,9,50,0.180000
2025-12-08,Alphabet,16,20,14,50,0.280000
2025-12-08,Altice USA,16,23,11,50,0.220000
2025-12-08,Altria,14,26,10,50,0.200000
2025-12-08,Amazon,16,22,12,50,0.240000
2025-12-08,Ameren,20,20,10,50,0.200000
2025-12-08,American Airlines,14,28,8,50,0.160000
2025-12-08,American Axle & Manufacturing,15,33,2,50,0.040000
2025-12-08,American Eagle Outfitters,20,28,2,50,0.040000
2025-12-08,American Electric Power,15,25,10,50,0.200000
2025-12-08,American Express,28,19,3,50,0.060000
2025-12-08,American Family Insurance,23,22,5,50,0.100000
2025-12-08,American Financial Group,22,24,4,50,0.080000
2025-12-08,American Tower,15,25,10,50,0.200000
2025-12-08,American Water Works,14,33,3,50,0.060000
2025-12-08,Americold Realty Trust,42,4,4,50,0.080000
2025-12-08,Ameriprise Financial,31,17,2,50,0.040000
2025-12-08,Ametek,20,27,3,50,0.060000
2025-12-08,Amgen,20,25,5,50,0.100000
2025-12-08,Amica Mutual Insurance,17,28,5,50,0.100000
2025-12-08,Amkor Technology,16,31,3,50,0.060000
2025-12-08,Amphenol,24,25,1,50,0.020000
2025-12-08,Analog Devices,24,20,6,50,0.120000
2025-12-08,Antero Resources,18,24,8,50,0.160000
2025-12-08,Anywhere Real Estate Inc,15,30,5,50,0.100000
2025-12-08,Apollo Global Management,21,24,5,50,0.100000
2025-12-08,AppLovin,11,30,9,50,0.180000
2025-12-08,Apple,12,24,14,50,0.280000
2025-12-08,Applied Industrial Technologies,28,22,0,50,0.000000
2025-12-08,Applied Materials,23,23,4,50,0.080000
2025-12-08,AptarGroup,20,27,3,50,0.060000
2025-12-08,Aramark,25,21,4,50,0.080000
2025-12-08,ArcBest,11,30,9,50,0.180000
2025-12-08,Arch Resources,38,7,5,50,0.100000
2025-12-08,Archer Daniels Midland,21,23,6,50,0.120000
2025-12-08,Ares Management,18,32,0,50,0.000000
2025-12-08,Arista Networks,18,26,6,50,0.120000
2025-12-08,Arrow Electronics,14,34,2,50,0.040000
2025-12-08,Arthur J Gallagher,16,29,5,50,0.100000
2025-12-08,Asbury Automotive Group,19,27,4,50,0.080000
2025-12-08,Assurant,22,26,2,50,0.040000
2025-12-08,Atkore,12,30,8,50,0.160000
2025-12-08,Atlassian,13,32,5,50,0.100000
2025-12-08,Atmos Energy,43,5,2,50,0.040000
2025-12-08,Auto-Owners Insurance,15,30,5,50,0.100000
2025-12-08,AutoNation,15,32,3,50,0.060000
2025-12-08,AutoZone,23,22,5,50,0.100000
2025-12-08,Autodesk,18,31,1,50,0.020000
2025-12-08,Autoliv,29,19,2,50,0.040000
2025-12-08,Automatic Data Processing,13,30,7,50,0.140000
2025-12-08,AvalonBay Communities,17,27,6,50,0.120000
2025-12-08,Avantor,16,19,15,50,0.300000
2025-12-08,Avery Dennison,18,28,4,50,0.080000
2025-12-08,Avient,17,29,4,50,0.080000
2025-12-08,Avis Budget,9,29,12,50,0.240000
2025-12-08,Avnet,7,39,4,50,0.080000
2025-12-08,BJ's Wholesale Club,17,31,2,50,0.040000
2025-12-08,BOK Financial,23,25,2,50,0.040000
2025-12-08,BWX Technologies,24,22,4,50,0.080000
2025-12-08,Baker Hughes,18,28,4,50,0.080000
2025-12-08,Ball Corporation,21,26,3,50,0.060000
2025-12-08,Bank of America,24,25,1,50,0.020000
2025-12-08,Bank of New York Mellon,21,25,4,50,0.080000
2025-12-08,Bath & Body Works,12,32,6,50,0.120000
2025-12-08,Baxter International,13,20,17,50,0.340000
2025-12-08,Becton Dickinson,16,32,2,50,0.040000
2025-12-08,Belden,16,26,8,50,0.160000
2025-12-08,Benchmark Electronics,22,25,3,50,0.060000
2025-12-08,Berkshire Hathaway,18,21,11,50,0.220000
2025-12-08,Berry Global,11,31,8,50,0.160000
2025-12-08,Best Buy,46,2,2,50,0.040000
2025-12-08,Bio-Rad Laboratories,17,24,9,50,0.180000
2025-12-08,Biogen,18,30,2,50,0.040000
2025-12-08,BlackRock,16,26,8,50,0.160000
2025-12-08,Blackstone,9,35,6,50,0.120000
2025-12-08,Bloomin Brands,5,37,8,50,0.160000
2025-12-08,BlueLinx,10,36,4,50,0.080000
2025-12-08,Boeing,11,33,6,50,0.120000
2025-12-08,Boise Cascade,11,34,5,50,0.100000
2025-12-08,Booking Holdings,21,25,4,50,0.080000
2025-12-08,Booz Allen Hamilton,19,24,7,50,0.140000
2025-12-08,BorgWarner,23,24,3,50,0.060000
2025-12-08,Boston Properties,11,34,5,50,0.100000
2025-12-08,Boston Scientific,24,23,3,50,0.060000
2025-12-08,Boyd Gaming,18,27,5,50,0.100000
2025-12-08,Bread Financial,24,24,2,50,0.040000
2025-12-08,BrightSpring Health Services,24,22,4,50,0.080000
2025-12-08,BrightView Holdings,15,30,5,50,0.100000
2025-12-08,Brighthouse Financial,16,30,4,50,0.080000
2025-12-08,Brinker International,22,25,3,50,0.060000
2025-12-08,Brinks Company,10,4,4,18,0.222222
2025-12-08,Bristol-Myers Squibb,21,17,12,50,0.240000
2025-12-08,Broadcom,14,30,6,50,0.120000
2025-12-08,Broadridge Financial Solutions,32,18,0,50,0.000000
2025-12-08,Brookdale Senior Living,22,21,7,50,0.140000
2025-12-08,Brown & Brown,18,23,9,50,0.180000
2025-12-08,Brown-Forman,10,32,8,50,0.160000
2025-12-08,Bruker,10,29,11,50,0.220000
2025-12-08,Brunswick Corporation,24,22,4,50,0.080000
2025-12-08,Builders FirstSource,17,28,5,50,0.100000
2025-12-08,Burlington Stores,24,23,3,50,0.060000
2025-12-08,CACI International,26,20,4,50,0.080000
2025-12-08,CBRE Group,16,30,4,50,0.080000
2025-12-08,CDW,16,29,5,50,0.100000
2025-12-08,CF Industries,17,26,7,50,0.140000
2025-12-08,CH Robinson Worldwide,19,24,7,50,0.140000
2025-12-08,CHS,11,30,9,50,0.180000
2025-12-08,CIncinnati Financial,18,28,4,50,0.080000
2025-12-08,CME Group,27,19,4,50,0.080000
2025-12-08,CMS Energy,47,3,0,50,0.000000
2025-12-08,CNO Financial Group,17,31,2,50,0.040000
2025-12-08,CNX Resources,24,25,1,50,0.020000
2025-12-08,CSX,30,13,7,50,0.140000
2025-12-08,CVS Health,25,23,2,50,0.040000
2025-12-08,Cabot Corporation,15,31,4,50,0.080000
2025-12-08,Cadence,16,24,10,50,0.200000
2025-12-08,Caesars Entertainment,32,15,3,50,0.060000
2025-12-08,Cal-Maine Foods,29,16,5,50,0.100000
2025-12-08,Caleres Inc,14,26,10,50,0.200000
2025-12-08,California Resources,10,28,12,50,0.240000
2025-12-08,Calumet Inc,15,32,3,50,0.060000
2025-12-08,Campbell Soup,4,12,34,50,0.680000
2025-12-08,Camping World,9,33,8,50,0.160000
2025-12-08,Capital One,26,20,4,50,0.080000
2025-12-08,CarMax,14,22,14,50,0.280000
2025-12-08,Cardinal Health,27,22,1,50,0.020000
2025-12-08,Carlisle Companies,20,24,6,50,0.120000
2025-12-08,Carlyle Group,19,27,4,50,0.080000
2025-12-08,Carpenter Technology,23,22,5,50,0.100000
2025-12-08,Carrier Global,17,29,4,50,0.080000
2025-12-08,Carters Inc,10,27,2,39,0.051282
2025-12-08,Carvana,17,30,3,50,0.060000
2025-12-08,Caseys General Stores,14,31,5,50,0.100000
2025-12-08,Catalent,12,29,9,50,0.180000
2025-12-08,Caterpillar,14,27,9,50,0.180000
2025-12-08,Cboe Global Markets,17,32,1,50,0.020000
2025-12-08,Celanese,12,27,11,50,0.220000
2025-12-08,Cencora,13,33,4,50,0.080000
2025-12-08,Centene,16,24,10,50,0.200000
2025-12-08,CenterPoint Energy,33,13,4,50,0.080000
2025-12-08,Central Garden & Pet,20,26,4,50,0.080000
2025-12-08,Century Communities,14,33,3,50,0.060000
2025-12-08,ChampionX,20,28,2,50,0.040000
2025-12-08,Charles River Laboratories International,18,25,7,50,0.140000
2025-12-08,Charles Schwab,26,22,2,50,0.040000
2025-12-08,Chart Industries,7,34,9,50,0.180000
2025-12-08,Charter Communications,15,25,10,50,0.200000
2025-12-08,Cheesecake Factory,23,25,2,50,0.040000
2025-12-08,Chefs Warehouse,23,23,4,50,0.080000
2025-12-08,Chemours,9,27,14,50,0.280000
2025-12-08,Cheniere Energy,38,12,0,50,0.000000
2025-12-08,Chevron,20,21,9,50,0.180000
2025-12-08,Chewy,27,19,4,50,0.080000
2025-12-08,Chipotle Mexican Grill,19,26,5,50,0.100000
2025-12-08,Chord Energy,46,3,1,50,0.020000
2025-12-08,Church & Dwight,19,26,5,50,0.100000
2025-12-08,Ciena,23,25,2,50,0.040000
2025-12-08,Cigna,18,25,7,50,0.140000
2025-12-08,Cinemark,14,25,11,50,0.220000
2025-12-08,Cintas,17,25,8,50,0.160000
2025-12-08,Cisco Systems,15,34,1,50,0.020000
2025-12-08,Citigroup,16,32,2,50,0.040000
2025-12-08,Citizens Financial Group,14,36,0,50,0.000000
2025-12-08,Civitas Resources,29,14,7,50,0.140000
2025-12-08,Clean Harbors,41,5,4,50,0.080000
2025-12-08,Clear Channel Outdoor Hldgs,9,1,0,10,0.000000
2025-12-08,Cleveland-Cliffs,13,31,6,50,0.120000
2025-12-08,Clorox,16,24,10,50,0.200000
2025-12-08,Cognizant Technology Solutions,24,23,3,50,0.060000
2025-12-08,Coherent,14,36,0,50,0.000000
2025-12-08,Coinbase Global,13,31,6,50,0.120000
2025-12-08,Colgate-Palmolive,24,22,4,50,0.080000
2025-12-08,Columbia Banking System,22,27,1,50,0.020000
2025-12-08,Columbia Sportswear,14,25,11,50,0.220000
2025-12-08,Comcast,14,31,5,50,0.100000
2025-12-08,Comerica,20,24,6,50,0.120000
2025-12-08,Comfort Systems USA,47,3,0,50,0.000000
2025-12-08,CommScope,20,28,2,50,0.040000
2025-12-08,Commercial Metals,22,21,7,50,0.140000
2025-12-08,Community Health Systems,20,24,6,50,0.120000
2025-12-08,Compass Group,21,23,6,50,0.120000
2025-12-08,Conagra Brands,19,28,3,50,0.060000
2025-12-08,Concentrix,14,28,8,50,0.160000
2025-12-08,Conduent,5,30,15,50,0.300000
2025-12-08,ConocoPhillips,22,23,5,50,0.100000
2025-12-08,Consol Energy,37,12,1,50,0.020000
2025-12-08,Consolidated Edison,17,25,8,50,0.160000
2025-12-08,Constellation Brands,13,23,14,50,0.280000
2025-12-08,Constellation Energy,34,7,9,50,0.180000
2025-12-08,Continental Resources,11,30,9,50,0.180000
2025-12-08,Cooper Cos,8,36,6,50,0.120000
2025-12-08,Cooper-Standard,17,30,3,50,0.060000
2025-12-08,Copart,14,27,9,50,0.180000
2025-12-08,Core & Main,13,29,8,50,0.160000
2025-12-08,Corebridge Financial,13,35,2,50,0.040000
2025-12-08,Cornerstone Building Brands,18,25,7,50,0.140000
2025-12-08,Corning,24,22,4,50,0.080000
2025-12-08,Corpay,20,30,0,50,0.000000
2025-12-08,Corteva,12,31,7,50,0.140000
2025-12-08,Costco,15,26,9,50,0.180000
2025-12-08,Coterra Energy,40,7,3,50,0.060000
2025-12-08,Coty,20,19,11,50,0.220000
2025-12-08,Country Financial,10,34,6,50,0.120000
2025-12-08,Coupang,11,18,21,50,0.420000
2025-12-08,Cracker Barrel Old Country Store,12,26,12,50,0.240000
2025-12-08,Crocs,17,27,6,50,0.120000
2025-12-08,CrossAmerica Partners,11,36,3,50,0.060000
2025-12-08,CrowdStrike,17,27,6,50,0.120000
2025-12-08,Crown Castle,11,28,11,50,0.220000
2025-12-08,Crown Holdings,22,25,3,50,0.060000
2025-12-08,Cullen Frost Bankers,22,26,2,50,0.040000
2025-12-08,Cummins Inc,29,19,2,50,0.040000
2025-12-08,Curtiss-Wright,29,20,1,50,0.020000
2025-12-08,DR Horton Inc,14,27,9,50,0.180000
2025-12-08,DTE Energy,23,13,14,50,0.280000
2025-12-08,DXC Technology,18,32,0,50,0.000000
2025-12-08,DaVita,23,18,9,50,0.180000
2025-12-08,Dana Incorporated,13,28,9,50,0.180000
2025-12-08,Danaher,24,21,5,50,0.100000
2025-12-08,Darden Restaurants,19,24,7,50,0.140000
2025-12-08,Darling Ingredients,47,1,2,50,0.040000
2025-12-08,Deckers Outdoor,20,23,7,50,0.140000
2025-12-08,Deere,18,27,5,50,0.100000
2025-12-08,Delek US,17,25,8,50,0.160000
2025-12-08,Dell Technologies,13,34,3,50,0.060000
2025-12-08,Delta Air Lines,10,26,14,50,0.280000
2025-12-08,Dentsply Sirona,8,37,5,50,0.100000
2025-12-08,Designer Brands,12,35,3,50,0.060000
2025-12-08,Devon Energy,46,3,1,50,0.020000
2025-12-08,DexCom,14,24,12,50,0.240000
2025-12-08,Diamondback Energy,38,10,2,50,0.040000
2025-12-08,Dicks Sporting Goods,19,28,3,50,0.060000
2025-12-08,Diebold Nixdorf,23,25,2,50,0.040000
2025-12-08,Digital Realty Trust,32,18,0,50,0.000000
2025-12-08,Dillards,15,30,5,50,0.100000
2025-12-08,Discover Financial,13,31,6,50,0.120000
2025-12-08,DocuSign,21,22,7,50,0.140000
2025-12-08,Dollar General,18,29,3,50,0.060000
2025-12-08,Dollar Tree,18,27,5,50,0.100000
2025-12-08,Dominion Energy,41,7,2,50,0.040000
2025-12-08,Dominos Pizza Inc,12,33,5,50,0.100000
2025-12-08,Domtar,12,28,10,50,0.200000
2025-12-08,Donaldson Company,25,24,1,50,0.020000
2025-12-08,DoorDash,17,19,14,50,0.280000
2025-12-08,Dover Corporation,26,21,3,50,0.060000
2025-12-08,DraftKings,36,7,7,50,0.140000
2025-12-08,Dream Finders Homes,44,4,2,50,0.040000
2025-12-08,Dropbox,18,26,6,50,0.120000
2025-12-08,DuPont de Nemours,17,32,1,50,0.020000
2025-12-08,Duke Energy,37,5,8,50,0.160000
2025-12-08,Dycom Industries,18,30,2,50,0.040000
2025-12-08,EMCOR Group,21,24,5,50,0.100000
2025-12-08,EOG Resources,19,27,4,50,0.080000
2025-12-08,EPAM Systems,20,28,2,50,0.040000
2025-12-08,EQT,19,30,1,50,0.020000
2025-12-08,ESAB,22,26,2,50,0.040000
2025-12-08,East West Bancorp,29,19,2,50,0.040000
2025-12-08,Eastman Chemical,10,27,13,50,0.260000
2025-12-08,Ebay,20,26,4,50,0.080000
2025-12-08,EchoStar,14,29,7,50,0.140000
2025-12-08,Ecolab,29,19,2,50,0.040000
2025-12-08,Edison International,19,23,8,50,0.160000
2025-12-08,Edward Jones,33,15,2,50,0.040000
2025-12-08,Edwards Lifesciences,24,26,0,50,0.000000
2025-12-08,Elanco Animal Health,18,26,6,50,0.120000
2025-12-08,Electronic Arts,11,36,3,50,0.060000
2025-12-08,Elevance Health,15,27,8,50,0.160000
2025-12-08,Eli Lilly,19,20,11,50,0.220000
2025-12-08,Emerson Electric,23,24,3,50,0.060000
2025-12-08,EnLink Midstream,17,32,1,50,0.020000
2025-12-08,Encompass Health,13,34,3,50,0.060000
2025-12-08,Endeavor Group,9,37,4,50,0.080000
2025-12-08,Endeavor Group Holdings,8,36,6,50,0.120000
2025-12-08,EnerSys,29,17,4,50,0.080000
2025-12-08,Energizer Holdings,47,2,1,50,0.020000
2025-12-08,Energy Transfer,42,2,6,50,0.120000
2025-12-08,Ensign Group,19,31,0,50,0.000000
2025-12-08,Entegris,18,27,5,50,0.100000
2025-12-08,Entergy,29,20,1,50,0.020000
2025-12-08,Enterprise Products Partners,27,18,5,50,0.100000
2025-12-08,Envista,18,24,8,50,0.160000
2025-12-08,Equifax,17,24,9,50,0.180000
2025-12-08,Equinix,23,23,4,50,0.080000
2025-12-08,Equitable Holdings,18,26,6,50,0.120000
2025-12-08,Equity Residential,19,28,3,50,0.060000
2025-12-08,Erie Insurance,15,23,12,50,0.240000
2025-12-08,Est√©e Lauder,20,29,1,50,0.020000
2025-12-08,Etsy,20,20,10,50,0.200000
2025-12-08,Euronet Worldwide,19,27,4,50,0.080000
2025-12-08,Evergy,23,21,6,50,0.120000
2025-12-08,Eversource Energy,33,6,11,50,0.220000
2025-12-08,Exact Sciences,12,26,12,50,0.240000
2025-12-08,Exelon,15,34,1,50,0.020000
2025-12-08,Expand Energy Corporation,48,2,0,50,0.000000
2025-12-08,Expedia,25,22,3,50,0.060000
2025-12-08,Expeditors International of Washington,22,25,3,50,0.060000
2025-12-08,Extra Space Storage,9,31,10,50,0.200000
2025-12-08,Exxon Mobil,17,30,3,50,0.060000
2025-12-08,F5,18,16,16,50,0.320000
2025-12-08,FM Global,17,25,8,50,0.160000
2025-12-08,FMC Corporation,11,29,10,50,0.200000
2025-12-08,FTI Consulting,13,29,8,50,0.160000
2025-12-08,Fannie Mae,13,29,8,50,0.160000
2025-12-08,Farmers Insurance Exchange,8,28,14,50,0.280000
2025-12-08,Fastenal,20,27,3,50,0.060000
2025-12-08,FedEx,15,19,16,50,0.320000
2025-12-08,Federated Mutual Insurance,17,17,6,40,0.150000
2025-12-08,Fidelity National Financial,21,25,4,50,0.080000
2025-12-08,Fidelity National Information Services,22,26,2,50,0.040000
2025-12-08,Fifth Third Bancorp,22,24,4,50,0.080000
2025-12-08,First American Financial,23,23,4,50,0.080000
2025-12-08,First Citizens BancShares,16,30,4,50,0.080000
2025-12-08,First Horizon,20,27,3,50,0.060000
2025-12-08,First National of Nebraska,17,31,0,48,0.000000
2025-12-08,First Solar,18,31,1,50,0.020000
2025-12-08,FirstCash,25,19,6,50,0.120000
2025-12-08,FirstEnergy,12,17,21,50,0.420000
2025-12-08,Fiserv,15,28,7,50,0.140000
2025-12-08,Five Below,17,28,5,50,0.100000
2025-12-08,Flagstar Financial,15,25,10,50,0.200000
2025-12-08,Floor & Decor,25,21,4,50,0.080000
2025-12-08,Flowers Foods,10,30,10,50,0.200000
2025-12-08,Flowserve,19,28,3,50,0.060000
2025-12-08,Fluor,17,22,11,50,0.220000
2025-12-08,Foot Locker,11,29,10,50,0.200000
2025-12-08,Ford Motor,12,33,5,50,0.100000
2025-12-08,Fortinet,14,10,26,50,0.520000
2025-12-08,Fortive,12,34,4,50,0.080000
2025-12-08,Fortune Brands Innovations,18,26,6,50,0.120000
2025-12-08,Franklin Resources,29,20,1,50,0.020000
2025-12-08,Freddie Mac,14,32,4,50,0.080000
2025-12-08,Freeport-McMoRan,13,27,10,50,0.200000
2025-12-08,Frontier Airlines,2,43,5,50,0.100000
2025-12-08,Frontier Communications,18,26,6,50,0.120000
2025-12-08,G-III Apparel Group,12,31,7,50,0.140000
2025-12-08,GE HealthCare Technologies,25,24,1,50,0.020000
2025-12-08,GE Vernova,23,24,3,50,0.060000
2025-12-08,GMS,5,37,8,50,0.160000
2025-12-08,GXO Logistics,20,25,5,50,0.100000
2025-12-08,GameStop,10,30,10,50,0.200000
2025-12-08,Gannett,9,31,10,50,0.200000
2025-12-08,Garrett Motion Inc,18,30,2,50,0.040000
2025-12-08,Gartner,12,28,10,50,0.200000
2025-12-08,Gen Digital,19,28,3,50,0.060000
2025-12-08,Generac,15,22,13,50,0.260000
2025-12-08,General Dynamics,41,7,2,50,0.040000
2025-12-08,General Mills,19,28,3,50,0.060000
2025-12-08,General Motors,18,24,8,50,0.160000
2025-12-08,Genesis Energy,40,7,3,50,0.060000
2025-12-08,Genuine Parts,12,34,4,50,0.080000
2025-12-08,Genworth Financial,29,18,3,50,0.060000
2025-12-08,Gilead Sciences,21,21,8,50,0.160000
2025-12-08,Global Partners,18,28,4,50,0.080000
2025-12-08,Global Payments,17,32,1,50,0.020000
2025-12-08,Globe Life,22,24,4,50,0.080000
2025-12-08,GoDaddy,14,35,1,50,0.020000
2025-12-08,Goldman Sachs,17,23,10,50,0.200000
2025-12-08,Goodyear Tire & Rubber,17,31,2,50,0.040000
2025-12-08,Graham Holdings Company,22,24,4,50,0.080000
2025-12-08,Granite Construction,16,31,3,50,0.060000
2025-12-08,Graphic Packaging,14,26,10,50,0.200000
2025-12-08,Gray Television,14,29,7,50,0.140000
2025-12-08,Graybar Electric,12,31,5,48,0.104167
2025-12-08,Green Plains Inc,14,31,5,50,0.100000
2025-12-08,Greif,17,28,5,50,0.100000
2025-12-08,Griffon Corporation,14,35,1,50,0.020000
2025-12-08,Grocery Outlet Holding,16,28,6,50,0.120000
2025-12-08,Group 1 Automotive,14,29,7,50,0.140000
2025-12-08,Guardian Life insurance,21,29,0,50,0.000000
2025-12-08,Guess Inc,15,32,3,50,0.060000
2025-12-08,GuideWell Mutual,18,29,2,49,0.040816
2025-12-08,HB Fuller,16,27,7,50,0.140000
2025-12-08,HCA Healthcare,31,15,4,50,0.080000
2025-12-08,HEICO,16,29,5,50,0.100000
2025-12-08,HF Sinclair,14,28,8,50,0.160000
2025-12-08,HP,19,21,10,50,0.200000
2025-12-08,Halliburton,14,25,11,50,0.220000
2025-12-08,Hanesbrands,18,29,3,50,0.060000
2025-12-08,Hanover Insurance Group,24,24,2,50,0.040000
2025-12-08,Harley-Davidson,11,37,2,50,0.040000
2025-12-08,Hasbro,19,22,9,50,0.180000
2025-12-08,Hawaiian Airlines Inc,18,31,1,50,0.020000
2025-12-08,Hawaiian Electric Industries,13,31,6,50,0.120000
2025-12-08,Helmerich & Payne,18,23,9,50,0.180000
2025-12-08,Henry Schein,22,26,2,50,0.040000
2025-12-08,Herc Rentals,16,25,9,50,0.180000
2025-12-08,Hershey,26,21,3,50,0.060000
2025-12-08,Hertz,14,28,8,50,0.160000
2025-12-08,Hewlett Packard Enterprise,14,24,12,50,0.240000
2025-12-08,Hillenbrand,20,18,12,50,0.240000
2025-12-08,Hilton Grand Vacations,46,3,1,50,0.020000
2025-12-08,Hilton Worldwide,21,27,2,50,0.040000
2025-12-08,Hologic,17,29,4,50,0.080000
2025-12-08,Home Depot,21,16,13,50,0.260000
2025-12-08,Honeywell,29,19,2,50,0.040000
2025-12-08,Hormel Foods,17,28,5,50,0.100000
2025-12-08,Host Hotels & Resorts,13,31,6,50,0.120000
2025-12-08,Hovnanian Enterprises,8,34,8,50,0.160000
2025-12-08,Howmet Aerospace,19,27,4,50,0.080000
2025-12-08,Hub Group,12,29,9,50,0.180000
2025-12-08,Hubbell,6,33,11,50,0.220000
2025-12-08,Humana,25,17,8,50,0.160000
2025-12-08,Huntington Bancshares,15,33,2,50,0.040000
2025-12-08,Huntington Ingalls Industries,21,25,4,50,0.080000
2025-12-08,Huntsman,6,22,22,50,0.440000
2025-12-08,Hyatt Hotels,19,30,1,50,0.020000
2025-12-08,Hyster-Yale,13,31,6,50,0.120000
2025-12-08,IAC,16,22,12,50,0.240000
2025-12-08,IBM,12,35,3,50,0.060000
2025-12-08,IDEX,19,28,3,50,0.060000
2025-12-08,IDEXX Laboratories,20,27,3,50,0.060000
2025-12-08,IQVIA,19,26,5,50,0.100000
2025-12-08,ITT,10,31,9,50,0.180000
2025-12-08,Icahn Enterprises,14,29,7,50,0.140000
2025-12-08,Illinois Tool Works,24,24,2,50,0.040000
2025-12-08,Illumina Inc,18,29,3,50,0.060000
2025-12-08,Incyte,26,22,2,50,0.040000
2025-12-08,Ingersoll Rand,19,27,4,50,0.080000
2025-12-08,Ingles Markets,7,32,11,50,0.220000
2025-12-08,Ingram Micro,16,28,6,50,0.120000
2025-12-08,Ingredion,18,30,2,50,0.040000
2025-12-08,Insight Enterprises,13,29,8,50,0.160000
2025-12-08,Insperity,16,27,7,50,0.140000
2025-12-08,Instacart,9,25,16,50,0.320000
2025-12-08,Installed Building Products,15,34,1,50,0.020000
2025-12-08,Intel,15,29,6,50,0.120000
2025-12-08,Interactive Brokers,24,21,5,50,0.100000
2025-12-08,Intercontinental Exchange,15,32,3,50,0.060000
2025-12-08,International Flavors & Fragrances,22,20,8,50,0.160000
2025-12-08,International Paper,7,36,7,50,0.140000
2025-12-08,Interpublic Group,13,26,11,50,0.220000
2025-12-08,Intuit,19,26,5,50,0.100000
2025-12-08,Intuitive Surgical,16,24,10,50,0.200000
2025-12-08,Iron Mountain,6,33,11,50,0.220000
2025-12-08,JB Hunt Transport Services,23,21,6,50,0.120000
2025-12-08,JELD-WEN Holding,6,32,12,50,0.240000
2025-12-08,JM Smucker,24,24,2,50,0.040000
2025-12-08,JPMorgan Chase,18,27,5,50,0.100000
2025-12-08,Jabil,18,30,2,50,0.040000
2025-12-08,Jackson Financial,22,22,6,50,0.120000
2025-12-08,Jacobs Solutions,25,23,2,50,0.040000
2025-12-08,Jefferies Financial,17,22,11,50,0.220000
2025-12-08,JetBlue Airways,18,25,7,50,0.140000
2025-12-08,Johnson & Johnson,9,33,8,50,0.160000
2025-12-08,Jones Lang LaSalle,22,27,1,50,0.020000
2025-12-08,Juniper Networks,10,36,4,50,0.080000
2025-12-08,KB Home,21,24,5,50,0.100000
2025-12-08,KBR,22,25,3,50,0.060000
2025-12-08,KKR & Co,24,25,1,50,0.020000
2025-12-08,KLA,16,28,6,50,0.120000
2025-12-08,Kaiser Aluminum,16,29,5,50,0.100000
2025-12-08,Kellanova,23,26,1,50,0.020000
2025-12-08,Kelly Services Inc,11,28,11,50,0.220000
2025-12-08,Kemper Corporation,16,23,11,50,0.220000
2025-12-08,Kenvue,20,23,7,50,0.140000
2025-12-08,Keurig Dr Pepper,12,35,3,50,0.060000
2025-12-08,KeyCorp,19,22,9,50,0.180000
2025-12-08,Keysight Technologies,24,25,1,50,0.020000
2025-12-08,Kimberly-Clark,18,26,6,50,0.120000
2025-12-08,Kinder Morgan,49,0,1,50,0.020000
2025-12-08,Kirby Corporation,15,31,4,50,0.080000
2025-12-08,Knife River Corporation,19,25,6,50,0.120000
2025-12-08,Knight Swift Transportation,15,27,8,50,0.160000
2025-12-08,Kohl's,23,23,4,50,0.080000
2025-12-08,Kontoor Brands,20,26,4,50,0.080000
2025-12-08,Korn Ferry,23,24,3,50,0.060000
2025-12-08,Kraft Heinz,15,27,8,50,0.160000
2025-12-08,Kroger,16,22,12,50,0.240000
2025-12-08,Kyndryl,24,25,1,50,0.020000
2025-12-08,L3Harris Technologies,22,21,7,50,0.140000
2025-12-08,LCI Industries,17,32,1,50,0.020000
2025-12-08,LKQ,11,34,5,50,0.100000
2025-12-08,LPL Financial,28,21,1,50,0.020000
2025-12-08,Labcorp Holdings,24,22,4,50,0.080000
2025-12-08,Lam Research,19,30,1,50,0.020000
2025-12-08,Lamb Weston,23,23,4,50,0.080000
2025-12-08,Land O'Lakes,18,29,3,50,0.060000
2025-12-08,Landstar System,20,22,8,50,0.160000
2025-12-08,Las Vegas Sands,18,32,0,50,0.000000
2025-12-08,Lear Corporation,17,28,5,50,0.100000
2025-12-08,Leggett & Platt,18,31,1,50,0.020000
2025-12-08,Leidos,24,23,3,50,0.060000
2025-12-08,Lennar,10,35,5,50,0.100000
2025-12-08,Lennox International,12,31,7,50,0.140000
2025-12-08,Levi Strauss,15,33,2,50,0.040000
2025-12-08,Liberty Energy,49,0,1,50,0.020000
2025-12-08,Liberty Media,49,1,0,50,0.000000
2025-12-08,Liberty Mutual Insurance,36,4,10,50,0.200000
2025-12-08,Light & Wonder,10,36,4,50,0.080000
2025-12-08,Lincoln Electric,19,29,2,50,0.040000
2025-12-08,Lincoln National,14,28,8,50,0.160000
2025-12-08,Lithia Motors,18,28,4,50,0.080000
2025-12-08,Live Nation Entertainment,39,9,2,50,0.040000
2025-12-08,Lockheed Martin,15,29,6,50,0.120000
2025-12-08,Loews,23,25,2,50,0.040000
2025-12-08,Louisiana-Pacific Corporation,14,26,10,50,0.200000
2025-12-08,Lowe's,22,22,6,50,0.120000
2025-12-08,Lululemon athletica,18,24,8,50,0.160000
2025-12-08,Lumen Technologies,16,30,4,50,0.080000
2025-12-08,Lyft,13,28,9,50,0.180000
2025-12-08,M&T Bank,19,29,2,50,0.040000
2025-12-08,M/I Homes,14,27,9,50,0.180000
2025-12-08,MDU Resources Group,18,29,3,50,0.060000
2025-12-08,MGM Resorts International,17,27,6,50,0.120000
2025-12-08,MKS Instruments,15,33,2,50,0.040000
2025-12-08,MRC Global,17,31,2,50,0.040000
2025-12-08,MSC Industrial Direct,17,29,4,50,0.080000
2025-12-08,MSCI,6,29,15,50,0.300000
2025-12-08,MYR Group,22,28,0,50,0.000000
2025-12-08,Macys,21,24,5,50,0.100000
2025-12-08,ManpowerGroup,20,27,3,50,0.060000
2025-12-08,Marathon Oil,15,25,10,50,0.200000
2025-12-08,Marathon Petroleum,27,21,2,50,0.040000
2025-12-08,Markel Group,21,25,4,50,0.080000
2025-12-08,Marriott International,22,26,2,50,0.040000
2025-12-08,Marriott Vacations Worldwide,15,30,5,50,0.100000
2025-12-08,Marsh & McLennan,18,25,7,50,0.140000
2025-12-08,Martin Marietta Materials,5,26,19,50,0.380000
2025-12-08,Marvell Technology,20,29,1,50,0.020000
2025-12-08,MasTec,22,27,1,50,0.020000
2025-12-08,Masco,13,27,10,50,0.200000
2025-12-08,Mass Mutual,19,25,6,50,0.120000
2025-12-08,MasterBrand,12,35,3,50,0.060000
2025-12-08,Mastercard,19,25,6,50,0.120000
2025-12-08,Matador Resources,18,30,2,50,0.040000
2025-12-08,Match Group,9,30,11,50,0.220000
2025-12-08,Mativ,14,31,5,50,0.100000
2025-12-08,Matson Inc,16,33,1,50,0.020000
2025-12-08,Mattel,15,29,6,50,0.120000
2025-12-08,Maximus,21,20,9,50,0.180000
2025-12-08,McCormick & Company,19,23,8,50,0.160000
2025-12-08,McDonalds,15,21,14,50,0.280000
2025-12-08,McKesson,18,28,4,50,0.080000
2025-12-08,Medical Mutual of Ohio,14,29,7,50,0.140000
2025-12-08,Merck,18,22,10,50,0.200000
2025-12-08,Mercury General,17,26,7,50,0.140000
2025-12-08,Meritage Homes,20,26,4,50,0.080000
2025-12-08,MetLife Inc,29,18,3,50,0.060000
2025-12-08,Meta Platforms,4,33,13,50,0.260000
2025-12-08,Mettler-Toledo International,24,25,1,50,0.020000
2025-12-08,Microchip Technology,18,30,2,50,0.040000
2025-12-08,Micron Technology,11,26,13,50,0.260000
2025-12-08,Microsoft,11,33,6,50,0.120000
2025-12-08,Middleby,11,36,3,50,0.060000
2025-12-08,MillerKnoll,17,30,3,50,0.060000
2025-12-08,Moderna,12,23,15,50,0.300000
2025-12-08,ModivCare,12,28,10,50,0.200000
2025-12-08,Mohawk Industries,24,24,2,50,0.040000
2025-12-08,Molina Healthcare,16,21,13,50,0.260000
2025-12-08,Molson Coors Beverage,16,22,12,50,0.240000
2025-12-08,Mondelez,9,25,16,50,0.320000
2025-12-08,Monster Beverage,29,20,1,50,0.020000
2025-12-08,Moodys Corporation,3,11,2,16,0.125000
2025-12-08,Moog Inc,23,25,2,50,0.040000
2025-12-08,Morgan Stanley,13,29,8,50,0.160000
2025-12-08,Motorola Solutions,17,30,3,50,0.060000
2025-12-08,Mueller Industries,20,28,2,50,0.040000
2025-12-08,Murphy Oil,15,28,7,50,0.140000
2025-12-08,Murphy USA,12,34,4,50,0.080000
2025-12-08,Mutual of Omaha,21,26,3,50,0.060000
2025-12-08,NCR Atleos,15,29,6,50,0.120000
2025-12-08,NCR Voyix,11,33,6,50,0.120000
2025-12-08,NGL Energy Partners,41,6,3,50,0.060000
2025-12-08,NLV Financial,2,5,3,10,0.300000
2025-12-08,NOV,7,37,6,50,0.120000
2025-12-08,NRG Energy,44,6,0,50,0.000000
2025-12-08,NVR Inc,24,22,4,50,0.080000
2025-12-08,Nasdaq Inc,26,18,6,50,0.120000
2025-12-08,Nationwide Insurance,10,25,15,50,0.300000
2025-12-08,Navient,19,21,10,50,0.200000
2025-12-08,NetApp,19,27,4,50,0.080000
2025-12-08,Netflix,11,25,14,50,0.280000
2025-12-08,NeueHealth,21,26,3,50,0.060000
2025-12-08,New York Life Insurance,17,29,4,50,0.080000
2025-12-08,NewMarket Corporation,19,26,3,48,0.062500
2025-12-08,Newell Brands,9,25,16,50,0.320000
2025-12-08,Newmont,15,31,4,50,0.080000
2025-12-08,News Corp,10,29,11,50,0.220000
2025-12-08,Nexstar Media Group,16,32,2,50,0.040000
2025-12-08,NextEra Energy,39,7,4,50,0.080000
2025-12-08,NiSource,22,20,8,50,0.160000
2025-12-08,Nike,13,26,11,50,0.220000
2025-12-08,Nordson,19,30,1,50,0.020000
2025-12-08,Nordstrom,28,20,2,50,0.040000
2025-12-08,Norfolk Southern,12,29,9,50,0.180000
2025-12-08,Northern Trust,45,3,2,50,0.040000
2025-12-08,Northrop Grumman,13,26,11,50,0.220000
2025-12-08,Northwestern Mutual,21,22,7,50,0.140000
2025-12-08,Nucor,19,26,5,50,0.100000
2025-12-08,Nvidia,16,25,9,50,0.180000
2025-12-08,O'Reilly Automotive,24,24,2,50,0.040000
2025-12-08,O-I Glass,17,28,5,50,0.100000
2025-12-08,ODP Business Solutions,16,33,1,50,0.020000
2025-12-08,OGE Energy,48,1,1,50,0.020000
2025-12-08,ON Semiconductor,27,21,2,50,0.040000
2025-12-08,Occidental Petroleum,18,21,11,50,0.220000
2025-12-08,Old Dominion Freight Line,16,29,5,50,0.100000
2025-12-08,Old National Bancorp,17,31,2,50,0.040000
2025-12-08,Old Republic International,26,19,5,50,0.100000
2025-12-08,Olin,16,22,12,50,0.240000
2025-12-08,Omnicom Group,20,25,5,50,0.100000
2025-12-08,OneMain,20,27,3,50,0.060000
2025-12-08,Oneok,27,19,4,50,0.080000
2025-12-08,Opendoor Technologies,5,24,21,50,0.420000
2025-12-08,Option Care Health,49,1,0,50,0.000000
2025-12-08,Oracle,11,25,14,50,0.280000
2025-12-08,Organon,13,32,5,50,0.100000
2025-12-08,Oscar Health,14,29,7,50,0.140000
2025-12-08,Oshkosh Corporation,15,27,8,50,0.160000
2025-12-08,Otis Worldwide,17,31,2,50,0.040000
2025-12-08,Ovintiv,26,20,4,50,0.080000
2025-12-08,Owens & Minor,10,35,5,50,0.100000
2025-12-08,Owens Corning,19,22,9,50,0.180000
2025-12-08,PACS Group,20,25,5,50,0.100000
2025-12-08,PBF Energy,45,1,4,50,0.080000
2025-12-08,PC Connection Inc,20,16,5,41,0.121951
2025-12-08,PENN Entertainment,38,11,1,50,0.020000
2025-12-08,PG&E,26,18,6,50,0.120000
2025-12-08,PNC Financial Services,21,25,4,50,0.080000
2025-12-08,PPG Industries,9,35,6,50,0.120000
2025-12-08,PPL Corporation,14,32,4,50,0.080000
2025-12-08,PVH,13,33,4,50,0.080000
2025-12-08,Paccar,22,23,5,50,0.100000
2025-12-08,Pacific Life,13,32,5,50,0.100000
2025-12-08,Packaging Corp of America,8,35,7,50,0.140000
2025-12-08,Palo Alto Networks,16,24,10,50,0.200000
2025-12-08,Par Pacific,21,28,1,50,0.020000
2025-12-08,Paramount Global,10,28,12,50,0.240000
2025-12-08,Park Hotels & Resorts,14,33,3,50,0.060000
2025-12-08,Parker-Hannifin,21,29,0,50,0.000000
2025-12-08,Parsons Corporation,21,27,2,50,0.040000
2025-12-08,Patrick Industries,23,24,3,50,0.060000
2025-12-08,Patterson Companies Inc,7,39,4,50,0.080000
2025-12-08,Patterson-UTI Energy,39,9,2,50,0.040000
2025-12-08,PayPal,12,26,12,50,0.240000
2025-12-08,Paychex,15,28,7,50,0.140000
2025-12-08,Peabody Energy,33,13,4,50,0.080000
2025-12-08,Peloton Interactive,18,27,5,50,0.100000
2025-12-08,Penn Mutual Life Insurance,21,24,5,50,0.100000
2025-12-08,PennyMac Financial Services,15,30,5,50,0.100000
2025-12-08,Penske Automotive,13,36,1,50,0.020000
2025-12-08,PepsiCo,15,27,8,50,0.160000
2025-12-08,Performance Food,17,29,4,50,0.080000
2025-12-08,Permian Resources,22,26,2,50,0.040000
2025-12-08,Petco Health and Wellness,38,8,4,50,0.080000
2025-12-08,Peter Kiewit Sons',6,23,17,46,0.369565
2025-12-08,Pfizer,9,25,16,50,0.320000
2025-12-08,Philip Morris International,16,30,4,50,0.080000
2025-12-08,Phillips 66,23,26,1,50,0.020000
2025-12-08,Pinnacle West Capital,21,24,5,50,0.100000
2025-12-08,Pinterest,18,26,6,50,0.120000
2025-12-08,Pioneer Natural Resources,24,19,7,50,0.140000
2025-12-08,Pitney Bowes,16,27,7,50,0.140000
2025-12-08,Plains GP,18,21,11,50,0.220000
2025-12-08,Playtika Holding,13,27,10,50,0.200000
2025-12-08,Plexus Corp,16,28,6,50,0.120000
2025-12-08,Polaris Inc,23,24,3,50,0.060000
2025-12-08,Pool Corporation,26,22,2,50,0.040000
2025-12-08,Popular Inc,48,2,0,50,0.000000
2025-12-08,Portland General Electric,16,29,5,50,0.100000
2025-12-08,Post Holdings,14,29,7,50,0.140000
2025-12-08,PrIncipal Financial,27,16,7,50,0.140000
2025-12-08,PriceSmart,19,30,1,50,0.020000
2025-12-08,Primerica,23,23,4,50,0.080000
2025-12-08,Primoris Services,26,21,3,50,0.060000
2025-12-08,ProFrac Holding,10,29,11,50,0.220000
2025-12-08,Procter & Gamble,10,28,12,50,0.240000
2025-12-08,Progressive Insurance,12,34,4,50,0.080000
2025-12-08,Prologis,19,28,3,50,0.060000
2025-12-08,Prudential Financial,27,23,0,50,0.000000
2025-12-08,Public Service Enterprise Group,30,17,3,50,0.060000
2025-12-08,Public Storage,17,26,7,50,0.140000
2025-12-08,Publix Super Markets,29,19,2,50,0.040000
2025-12-08,Puget Sound Energy,31,14,5,50,0.100000
2025-12-08,PulteGroup,16,31,3,50,0.060000
2025-12-08,Pure Storage,10,26,14,50,0.280000
2025-12-08,QVC Group,12,29,9,50,0.180000
2025-12-08,QXO Building Products,1,5,3,9,0.333333
2025-12-08,Qorvo,20,27,3,50,0.060000
2025-12-08,Qualcomm,18,27,5,50,0.100000
2025-12-08,Quanta Services,21,29,0,50,0.000000
2025-12-08,Quest Diagnostics,18,28,4,50,0.080000
2025-12-08,QuidelOrtho,15,30,5,50,0.100000
2025-12-08,REV Group,21,26,3,50,0.060000
2025-12-08,RPM International,18,31,1,50,0.020000
2025-12-08,RTX,19,15,16,50,0.320000
2025-12-08,RXO Inc,22,21,7,50,0.140000
2025-12-08,Rackspace Technology,16,30,4,50,0.080000
2025-12-08,Radius Recycling,2,29,19,50,0.380000
2025-12-08,Ralph Lauren,8,39,3,50,0.060000
2025-12-08,Range Resources,25,22,3,50,0.060000
2025-12-08,Raymond James Financial,22,23,5,50,0.100000
2025-12-08,Realty Income,22,21,7,50,0.140000
2025-12-08,Regal Rexnord,19,28,3,50,0.060000
2025-12-08,Regeneron Pharmaceuticals,25,20,5,50,0.100000
2025-12-08,Regions Financial,20,25,5,50,0.100000
2025-12-08,Reinsurance Group of America,16,32,2,50,0.040000
2025-12-08,Reliance Inc,21,21,8,50,0.160000
2025-12-08,Republic Services,20,22,8,50,0.160000
2025-12-08,ResMed,21,27,2,50,0.040000
2025-12-08,Resideo Technologies,23,21,6,50,0.120000
2025-12-08,Restoration Hardware,11,30,9,50,0.180000
2025-12-08,Revvity,22,24,4,50,0.080000
2025-12-08,Rithm Capital,18,32,0,50,0.000000
2025-12-08,Rivian Automotive,10,31,9,50,0.180000
2025-12-08,Robert Half,20,25,5,50,0.100000
2025-12-08,Roblox,12,19,19,50,0.380000
2025-12-08,Rocket Companies,16,31,3,50,0.060000
2025-12-08,Rockwell Automation,23,24,3,50,0.060000
2025-12-08,Roku,24,20,6,50,0.120000
2025-12-08,Rollins Inc,18,29,3,50,0.060000
2025-12-08,Roper Technologies,16,29,5,50,0.100000
2025-12-08,Ross Stores,23,25,2,50,0.040000
2025-12-08,Rush Enterprises,14,31,5,50,0.100000
2025-12-08,Ryder System,22,24,4,50,0.080000
2025-12-08,Ryerson Holding,16,27,7,50,0.140000
2025-12-08,S&P Global,16,28,6,50,0.120000
2025-12-08,SBA Communications,22,21,7,50,0.140000
2025-12-08,SS&C Technologies,27,21,2,50,0.040000
2025-12-08,Sabre Corporation,17,26,7,50,0.140000
2025-12-08,Saia Inc,21,26,3,50,0.060000
2025-12-08,Salesforce,13,31,6,50,0.120000
2025-12-08,Sallie Mae,17,30,3,50,0.060000
2025-12-08,Sally Beauty,45,5,0,50,0.000000
2025-12-08,Sanmina,19,30,1,50,0.020000
2025-12-08,ScanSource,17,28,5,50,0.100000
2025-12-08,Schneider National,20,24,6,50,0.120000
2025-12-08,Science Applications International,18,30,2,50,0.040000
2025-12-08,Scotts Miracle-Gro,19,22,9,50,0.180000
2025-12-08,Seaboard,16,26,8,50,0.160000
2025-12-08,Sealed Air Corporation,11,38,1,50,0.020000
2025-12-08,Securian Financial,13,31,6,50,0.120000
2025-12-08,Select Medical Holdings,18,27,5,50,0.100000
2025-12-08,Selective Insurance Group,15,29,6,50,0.120000
2025-12-08,Sempra,25,24,1,50,0.020000
2025-12-08,Sentry Insurance Group,4,5,0,9,0.000000
2025-12-08,Service Corp International,4,15,4,23,0.173913
2025-12-08,ServiceNow,21,26,3,50,0.060000
2025-12-08,Sherwin-Williams,16,30,4,50,0.080000
2025-12-08,Shift4 Payments,11,31,8,50,0.160000
2025-12-08,Silgan,12,30,8,50,0.160000
2025-12-08,Simon Property Group,14,28,8,50,0.160000
2025-12-08,Sinclair,13,22,15,50,0.300000
2025-12-08,Sirius XM,16,32,2,50,0.040000
2025-12-08,SiteOne Landscape Supply,14,30,6,50,0.120000
2025-12-08,Skechers USA,11,30,9,50,0.180000
2025-12-08,SkyWest,17,16,17,50,0.340000
2025-12-08,Skyline Champion,39,6,3,48,0.062500
2025-12-08,Skyworks Solutions,20,28,2,50,0.040000
2025-12-08,Smurfit Westrock,11,33,6,50,0.120000
2025-12-08,Snap Inc,13,22,15,50,0.300000
2025-12-08,Snap-on,15,28,7,50,0.140000
2025-12-08,Snowflake Inc,15,30,5,50,0.100000
2025-12-08,Solventum,19,31,0,50,0.000000
2025-12-08,Sonic Automotive,12,29,9,50,0.180000
2025-12-08,Sonoco Products,18,24,8,50,0.160000
2025-12-08,Southern Company,15,31,4,50,0.080000
2025-12-08,Southwest Airlines,14,27,9,50,0.180000
2025-12-08,Southwest Gas Holdings,14,36,0,50,0.000000
2025-12-08,SpartanNash,12,37,1,50,0.020000
2025-12-08,Spectrum Brands,9,31,10,50,0.200000
2025-12-08,Spire Inc,21,28,1,50,0.020000
2025-12-08,Spirit AeroSystems,24,23,3,50,0.060000
2025-12-08,Spirit Airlines,11,27,12,50,0.240000
2025-12-08,Splunk,18,26,6,50,0.120000
2025-12-08,Sprouts Farmers Market,9,33,8,50,0.160000
2025-12-08,Stagwell,13,35,2,50,0.040000
2025-12-08,Stanley Black & Decker,16,33,1,50,0.020000
2025-12-08,Starbucks,11,14,25,50,0.500000
2025-12-08,State Farm Insurance,8,26,16,50,0.320000
2025-12-08,State Street,11,37,2,50,0.040000
2025-12-08,Steel Dynamics,43,4,3,50,0.060000
2025-12-08,Steelcase,9,33,8,50,0.160000
2025-12-08,Stericycle,8,12,30,50,0.600000
2025-12-08,Stifel Financial,20,27,3,50,0.060000
2025-12-08,StoneX Group,22,26,2,50,0.040000
2025-12-08,Stryker,19,27,4,50,0.080000
2025-12-08,Summit Materials,6,40,4,50,0.080000
2025-12-08,Sun Communities,23,26,1,50,0.020000
2025-12-08,Super Micro Computer,41,7,2,50,0.040000
2025-12-08,Surgery Partners,12,25,13,50,0.260000
2025-12-08,Sylvamo,16,26,8,50,0.160000
2025-12-08,Synchrony Financial,22,22,6,50,0.120000
2025-12-08,Synopsys,8,33,9,50,0.180000
2025-12-08,Synovus Financial,19,29,2,50,0.040000
2025-12-08,Sysco,18,25,7,50,0.140000
2025-12-08,T Rowe Price,23,20,7,50,0.140000
2025-12-08,TD Synnex,31,16,3,50,0.060000
2025-12-08,TEGNA,11,31,8,50,0.160000
2025-12-08,THOR Industries,11,37,2,50,0.040000
2025-12-08,TIAA,15,30,5,50,0.100000
2025-12-08,TJX,25,22,3,50,0.060000
2025-12-08,Take-Two Interactive Software,23,22,5,50,0.100000
2025-12-08,Talen Energy,46,3,1,50,0.020000
2025-12-08,Tapestry,16,33,1,50,0.020000
2025-12-08,Targa Resources,19,27,4,50,0.080000
2025-12-08,Target Corporation,19,26,5,50,0.100000
2025-12-08,Taylor Morrison Home,20,25,5,50,0.100000
2025-12-08,Teladoc Health,28,16,6,50,0.120000
2025-12-08,Teledyne Technologies,22,27,1,50,0.020000
2025-12-08,Teleflex,14,29,7,50,0.140000
2025-12-08,Telephone & Data Systems,11,31,3,45,0.066667
2025-12-08,TelevisaUnivision,15,23,12,50,0.240000
2025-12-08,Tempur Sealy International,13,31,6,50,0.120000
2025-12-08,Tenet Healthcare,21,24,5,50,0.100000
2025-12-08,Teradyne,15,35,0,50,0.000000
2025-12-08,Terakeet,4,12,1,17,0.058824
2025-12-08,Terex,11,36,3,50,0.060000
2025-12-08,Tesla,12,25,13,50,0.260000
2025-12-08,Tetra Tech,22,23,5,50,0.100000
2025-12-08,Texas Instruments,19,26,5,50,0.100000
2025-12-08,Texas Roadhouse,16,28,6,50,0.120000
2025-12-08,Textron,16,30,4,50,0.080000
2025-12-08,The Andersons Inc,15,33,2,50,0.040000
2025-12-08,The Coca-Cola Company,15,29,6,50,0.120000
2025-12-08,The Greenbrier Companies,13,30,7,50,0.140000
2025-12-08,The Hartford,17,28,5,50,0.100000
2025-12-08,The Mosaic Company,11,29,10,50,0.200000
2025-12-08,Thermo Fisher Scientific,15,30,5,50,0.100000
2025-12-08,Thrivent Financial for Lutherans,15,30,5,50,0.100000
2025-12-08,Timken,22,26,2,50,0.040000
2025-12-08,Titan Machinery,6,33,11,50,0.220000
2025-12-08,Toast Inc,14,28,8,50,0.160000
2025-12-08,Toll Brothers,9,38,3,50,0.060000
2025-12-08,TopBuild,14,35,1,50,0.020000
2025-12-08,Topgolf Callaway Brands,9,37,4,50,0.080000
2025-12-08,Toro Company,16,31,3,50,0.060000
2025-12-08,Tractor Supply,19,26,5,50,0.100000
2025-12-08,TransDigm,22,26,2,50,0.040000
2025-12-08,TransUnion,19,23,8,50,0.160000
2025-12-08,Travelers Insurance,18,22,10,50,0.200000
2025-12-08,TreeHouse Foods,11,35,4,50,0.080000
2025-12-08,Tri Pointe Homes,11,36,3,50,0.060000
2025-12-08,TriNet Group,25,20,5,50,0.100000
2025-12-08,Trimble Inc,19,28,3,50,0.060000
2025-12-08,Trinity Industries,20,25,5,50,0.100000
2025-12-08,TruStage,29,17,4,50,0.080000
2025-12-08,Truist Financial,18,27,5,50,0.100000
2025-12-08,Tutor Perini Corporation,29,19,2,50,0.040000
2025-12-08,Twilio,28,20,2,50,0.040000
2025-12-08,Tyson Foods,10,28,12,50,0.240000
2025-12-08,U-Haul,4,7,39,50,0.780000
2025-12-08,UFP Industries,11,31,8,50,0.160000
2025-12-08,UGI Utilities Inc,20,20,10,50,0.200000
2025-12-08,UL Solutions,23,22,5,50,0.100000
2025-12-08,UPS,15,15,20,50,0.400000
2025-12-08,US Bancorp,28,21,1,50,0.020000
2025-12-08,US Foods,19,29,2,50,0.040000
2025-12-08,USAA,22,20,8,50,0.160000
2025-12-08,Uber,6,28,16,50,0.320000
2025-12-08,Ulta Beauty,47,2,1,50,0.020000
2025-12-08,Under Armour,16,32,2,50,0.040000
2025-12-08,Union Pacific,10,27,13,50,0.260000
2025-12-08,United Airlines,33,12,5,50,0.100000
2025-12-08,United Natural Foods,50,0,0,50,0.000000
2025-12-08,United Rentals,44,5,1,50,0.020000
2025-12-08,United States Steel,21,25,4,50,0.080000
2025-12-08,UnitedHealth,12,28,10,50,0.200000
2025-12-08,Universal Corporation,16,30,4,50,0.080000
2025-12-08,Universal Health Services,21,25,4,50,0.080000
2025-12-08,Unum Group,19,25,6,50,0.120000
2025-12-08,Upbound Group,21,22,7,50,0.140000
2025-12-08,Urban Outfitters,21,28,1,50,0.020000
2025-12-08,V2X,24,22,4,50,0.080000
2025-12-08,VF Corporation,11,33,6,50,0.120000
2025-12-08,VICI Properties,14,26,10,50,0.200000
2025-12-08,Vail Resorts,16,25,9,50,0.180000
2025-12-08,Valero Energy,43,3,4,50,0.080000
2025-12-08,Valley National Bancorp,12,36,2,50,0.040000
2025-12-08,Valmont Industries,30,19,1,50,0.020000
2025-12-08,Valvoline Inc,14,31,5,50,0.100000
2025-12-08,Ventas Inc,22,26,2,50,0.040000
2025-12-08,Verisk Analytics,22,18,10,50,0.200000
2025-12-08,Verizon,15,19,16,50,0.320000
2025-12-08,Vertex Pharmaceuticals,19,25,6,50,0.120000
2025-12-08,Vertiv,20,28,2,50,0.040000
2025-12-08,Viasat,11,37,2,50,0.040000
2025-12-08,Viatris,17,26,7,50,0.140000
2025-12-08,Victorias Secret,14,33,3,50,0.060000
2025-12-08,Visa Inc,21,23,6,50,0.120000
2025-12-08,Vishay Intertechnology,15,27,8,50,0.160000
2025-12-08,Vista Outdoor,6,32,12,50,0.240000
2025-12-08,Visteon,20,27,3,50,0.060000
2025-12-08,Vistra,17,24,9,50,0.180000
2025-12-08,Vontier,28,20,2,50,0.040000
2025-12-08,Voya Financial,20,26,4,50,0.080000
2025-12-08,Vulcan Materials,23,21,6,50,0.120000
2025-12-08,WEC Energy,46,4,0,50,0.000000
2025-12-08,WESCO International,20,29,1,50,0.020000
2025-12-08,WEX,14,32,4,50,0.080000
2025-12-08,WR Berkley,19,29,2,50,0.040000
2025-12-08,WW Grainger,19,25,6,50,0.120000
2025-12-08,Wabash National,9,20,21,50,0.420000
2025-12-08,Walmart,10,22,18,50,0.360000
2025-12-08,Walt Disney,13,27,10,50,0.200000
2025-12-08,Warner Bros Discovery,8,28,14,50,0.280000
2025-12-08,Warner Music Group,11,29,10,50,0.200000
2025-12-08,Wasserman,9,24,17,50,0.340000
2025-12-08,Waters Corporation,10,35,5,50,0.100000
2025-12-08,Watsco,15,25,10,50,0.200000
2025-12-08,Wayfair,21,25,4,50,0.080000
2025-12-08,Webster Financial,25,23,2,50,0.040000
2025-12-08,Weis Markets,18,28,4,50,0.080000
2025-12-08,Wells Fargo,41,1,8,50,0.160000
2025-12-08,Welltower,30,20,0,50,0.000000
2025-12-08,Werner Enterprises,21,26,3,50,0.060000
2025-12-08,West Pharmaceutical Services,21,22,7,50,0.140000
2025-12-08,Western & Southern Financial,13,33,4,50,0.080000
2025-12-08,Western Alliance Bancorp,14,17,19,50,0.380000
2025-12-08,Western Digital,19,27,4,50,0.080000
2025-12-08,Western Midstream Partners,18,30,2,50,0.040000
2025-12-08,Western Union,11,31,8,50,0.160000
2025-12-08,Westinghouse Air Brake Technologies,22,25,3,50,0.060000
2025-12-08,Weyerhaeuser,15,32,3,50,0.060000
2025-12-08,Whirlpool,17,20,13,50,0.260000
2025-12-08,Williams Companies,31,17,2,50,0.040000
2025-12-08,Williams-Sonoma,20,27,3,50,0.060000
2025-12-08,Winnebago Industries,9,35,6,50,0.120000
2025-12-08,Wintrust Financial,21,28,1,50,0.020000
2025-12-08,Woodward Inc,20,29,1,50,0.020000
2025-12-08,Workday,19,24,7,50,0.140000
2025-12-08,World Kinect,19,27,4,50,0.080000
2025-12-08,Worthington Enterprises,24,23,3,50,0.060000
2025-12-08,Wynn Resorts,15,30,5,50,0.100000
2025-12-08,XPO,17,29,4,50,0.080000
2025-12-08,Xcel Energy,39,8,3,50,0.060000
2025-12-08,Xerox,11,35,4,50,0.080000
2025-12-08,Xylem Inc,19,27,4,50,0.080000
2025-12-08,Yum Brands,14,31,5,50,0.100000
2025-12-08,Yum China,15,29,6,50,0.120000
2025-12-08,Zebra Technologies,19,27,4,50,0.080000
2025-12-08,Zimmer Biomet,19,22,9,50,0.180000
2025-12-08,Zions Bancorp,14,20,16,50,0.320000
2025-12-08,Zoetis,27,16,7,50,0.140000
2025-12-08,Zoom Video Communications,19,27,4,50,0.080000
2025-12-08,eXp World,13,34,3,50,0.060000
2025-12-08,iHeartMedia,9,37,4,50,0.080000
